{
    "loadings": [
        {
            "daily_movement": -0.01852508845338298,
            "weekly_movement": -0.019338701964586535,
            "popularity": 0.015936896291325296,
            "duration_ms": -0.11717082792026738,
            "danceability": 0.307105011129949,
            "energy": 0.4369732668697261,
            "loudness": 0.47176061842256806,
            "speechiness": 0.08113238277693866,
            "acousticness": -0.3677331467065112,
            "instrumentalness": -0.1872672954729691,
            "liveness": -0.09694040563298893,
            "valence": 0.278203375970281,
            "tempo": -0.04108637886755209,
            "release_to_chart_days": -0.1638117119822038,
            "loudness_tempo_interaction": 0.4304492355421154
        },
        {
            "daily_movement": -0.5568333763588896,
            "weekly_movement": -0.5512959155327148,
            "popularity": 0.5845732342831511,
            "duration_ms": -0.09476033292703931,
            "danceability": 0.027984359325864742,
            "energy": -0.04994178041132874,
            "loudness": -0.03309845513307972,
            "speechiness": -0.1030154106360826,
            "acousticness": 0.020445472848000558,
            "instrumentalness": 0.013982169164892796,
            "liveness": -0.11361654513263833,
            "valence": 0.03407232452770047,
            "tempo": 0.03734203954696709,
            "release_to_chart_days": -0.04478556136771977,
            "loudness_tempo_interaction": -0.04728312308918943
        },
        {
            "daily_movement": -0.08007375082762498,
            "weekly_movement": -0.05446144882331905,
            "popularity": 0.05489435767606561,
            "duration_ms": 0.2980810000714067,
            "danceability": -0.17925424841501875,
            "energy": 0.24802762452561236,
            "loudness": 0.17485394022927828,
            "speechiness": 0.38428269456760994,
            "acousticness": -0.20175962976677084,
            "instrumentalness": -0.0011426430336098508,
            "liveness": 0.33352418397587313,
            "valence": -0.22541502027081692,
            "tempo": 0.6140915368164565,
            "release_to_chart_days": -0.02009985550380584,
            "loudness_tempo_interaction": -0.2158439431016371
        },
        {
            "daily_movement": 0.07725635532489268,
            "weekly_movement": 0.07150337199530024,
            "popularity": -0.011307001718600815,
            "duration_ms": -0.4988172289884962,
            "danceability": 0.2598076421103824,
            "energy": 0.029420063006481163,
            "loudness": -0.08710021236645415,
            "speechiness": 0.15440071691841628,
            "acousticness": 0.2092023936506395,
            "instrumentalness": -0.052683840999363615,
            "liveness": -0.05542533228665648,
            "valence": 0.5017669534139507,
            "tempo": 0.4234611265664033,
            "release_to_chart_days": 0.2153841073170428,
            "loudness_tempo_interaction": -0.33628523122413756
        },
        {
            "daily_movement": 0.009249755204154974,
            "weekly_movement": 0.035668852335977386,
            "popularity": 0.02933598701522853,
            "duration_ms": -0.0477520019012269,
            "danceability": -0.4687660940833172,
            "energy": 0.137524053012301,
            "loudness": 0.1371978756190962,
            "speechiness": -0.4765882892797026,
            "acousticness": -0.1231817312028481,
            "instrumentalness": -0.3657822428373015,
            "liveness": -0.0747675070664812,
            "valence": 0.028100647959159734,
            "tempo": 0.1399707881550702,
            "release_to_chart_days": 0.5769195253692374,
            "loudness_tempo_interaction": 0.05575818877135948
        },
        {
            "daily_movement": -0.06295712981447191,
            "weekly_movement": -0.03386726905691034,
            "popularity": 0.033104526744464055,
            "duration_ms": -0.20224499698842746,
            "danceability": -0.004342326873165843,
            "energy": 0.16100415157354642,
            "loudness": 0.0867534851000033,
            "speechiness": -0.1361910709239115,
            "acousticness": 0.08643075295569916,
            "instrumentalness": 0.489465609278711,
            "liveness": 0.7202480746993605,
            "valence": 0.11066685287583357,
            "tempo": -0.17616302882526544,
            "release_to_chart_days": 0.2530079420658358,
            "loudness_tempo_interaction": 0.16666541681287864
        },
        {
            "daily_movement": 0.11507052778790937,
            "weekly_movement": 0.016983736635427234,
            "popularity": 3.948624110729844e-05,
            "duration_ms": 0.32096590875717884,
            "danceability": 0.14507218473272393,
            "energy": 0.06912028452159787,
            "loudness": -0.04033153834356463,
            "speechiness": -0.4253828780467223,
            "acousticness": -0.33766025996589283,
            "instrumentalness": 0.5935962359875455,
            "liveness": -0.29244709971277016,
            "valence": 0.21396989361603935,
            "tempo": 0.22110053363385493,
            "release_to_chart_days": 0.001860262734086003,
            "loudness_tempo_interaction": -0.16876658778081755
        },
        {
            "daily_movement": -0.15444288137268605,
            "weekly_movement": 0.01432242865988062,
            "popularity": 0.03688108773603903,
            "duration_ms": 0.45445692460370474,
            "danceability": 0.23716902336684528,
            "energy": -0.05034895482428071,
            "loudness": -0.13261388270943555,
            "speechiness": 0.4182307256860097,
            "acousticness": -0.10005870290254265,
            "instrumentalness": -0.03671132022671206,
            "liveness": -0.06342864258671296,
            "valence": 0.21086784509509443,
            "tempo": -0.2700197738601226,
            "release_to_chart_days": 0.6192680485997094,
            "loudness_tempo_interaction": 0.022625398100404023
        },
        {
            "daily_movement": -0.5484080481292225,
            "weekly_movement": 0.800614051432736,
            "popularity": 0.2052486308140784,
            "duration_ms": -0.03921012787330029,
            "danceability": -0.01764111178801385,
            "energy": 0.0005562691647826856,
            "loudness": -0.0036361787204420987,
            "speechiness": -0.04743585459007521,
            "acousticness": -0.023311078037102053,
            "instrumentalness": 0.043958292562248154,
            "liveness": -0.025250901392169584,
            "valence": -0.014319413137828621,
            "tempo": 0.019652950548689256,
            "release_to_chart_days": -0.09058499130475584,
            "loudness_tempo_interaction": -0.010777192902759306
        },
        {
            "daily_movement": 0.4049343192513131,
            "weekly_movement": 0.13392180303235182,
            "popularity": 0.5175161993500783,
            "duration_ms": -0.3300176214269051,
            "danceability": -0.1560197858254347,
            "energy": -0.0007292908889202135,
            "loudness": 0.03206276838761978,
            "speechiness": 0.31668610536079944,
            "acousticness": -0.18801087953622903,
            "instrumentalness": 0.28776714738798337,
            "liveness": -0.25222413504434016,
            "valence": -0.2912121983553519,
            "tempo": -0.06598597412953454,
            "release_to_chart_days": 0.1897568787038999,
            "loudness_tempo_interaction": 0.09357500914580222
        },
        {
            "daily_movement": 0.4095400857929888,
            "weekly_movement": 0.15697705811806065,
            "popularity": 0.5729693232602823,
            "duration_ms": 0.3045303246207858,
            "danceability": 0.22164228305032244,
            "energy": -0.06949522499279671,
            "loudness": -0.055584907565543906,